<?xml version="1.0" encoding="UTF-8"?><rss version="2.0"
	xmlns:content="http://purl.org/rss/1.0/modules/content/"
	xmlns:dc="http://purl.org/dc/elements/1.1/"
	xmlns:atom="http://www.w3.org/2005/Atom"
	xmlns:sy="http://purl.org/rss/1.0/modules/syndication/"
	
	>
<channel>
	<title>
	Comments on: Creative Design Work  to Make Your WordPress Theme Innovative	</title>
	<atom:link href="http://github.com/royalliang1995/Azure-Project.git/index.php/2020/08/28/creative-design-work-to-make-your-wordpress-theme-innovative/feed/" rel="self" type="application/rss+xml" />
	<link>http://github.com/royalliang1995/Azure-Project.git/index.php/2020/08/28/creative-design-work-to-make-your-wordpress-theme-innovative/</link>
	<description>Just another WordPress site</description>
	<lastBuildDate>Thu, 17 Sep 2020 22:19:09 +0000</lastBuildDate>
	<sy:updatePeriod>
	hourly	</sy:updatePeriod>
	<sy:updateFrequency>
	1	</sy:updateFrequency>
	<generator>https://wordpress.org/?v=6.0.3</generator>
	<item>
		<title>
		By: Andres Alfaro		</title>
		<link>http://github.com/royalliang1995/Azure-Project.git/index.php/2020/08/28/creative-design-work-to-make-your-wordpress-theme-innovative/#comment-5</link>

		<dc:creator><![CDATA[Andres Alfaro]]></dc:creator>
		<pubDate>Thu, 17 Sep 2020 22:19:09 +0000</pubDate>
		<guid isPermaLink="false">http://avo.smartinnovates.com/?p=196#comment-5</guid>

					<description><![CDATA[Creative portfolio more details about the project and the challenge during the design stage prior construction phase for knowing more innovation work and concept of the starting for the planning to be awarded by this excellent prize]]></description>
			<content:encoded><![CDATA[<p>Creative portfolio more details about the project and the challenge during the design stage prior construction phase for knowing more innovation work and concept of the starting for the planning to be awarded by this excellent prize</p>
]]></content:encoded>
		
			</item>
	</channel>
</rss>
