<?xml version="1.0" encoding="UTF-8"?><rss version="2.0"
	xmlns:content="http://purl.org/rss/1.0/modules/content/"
	xmlns:wfw="http://wellformedweb.org/CommentAPI/"
	xmlns:dc="http://purl.org/dc/elements/1.1/"
	xmlns:atom="http://www.w3.org/2005/Atom"
	xmlns:sy="http://purl.org/rss/1.0/modules/syndication/"
	xmlns:slash="http://purl.org/rss/1.0/modules/slash/"
	>

<channel>
	<title>Creative &#8211; Install WP</title>
	<atom:link href="http://github.com/royalliang1995/Azure-Project.git/index.php/tag/creative/feed/" rel="self" type="application/rss+xml" />
	<link>http://github.com/royalliang1995/Azure-Project.git</link>
	<description>Just another WordPress site</description>
	<lastBuildDate>Fri, 28 Aug 2020 05:57:57 +0000</lastBuildDate>
	<language>en-US</language>
	<sy:updatePeriod>
	hourly	</sy:updatePeriod>
	<sy:updateFrequency>
	1	</sy:updateFrequency>
	<generator>https://wordpress.org/?v=6.0.3</generator>

<image>
	<url>http://github.com/royalliang1995/Azure-Project.git/wp-content/uploads/2020/10/cropped-Favicon-63x63.png</url>
	<title>Creative &#8211; Install WP</title>
	<link>http://github.com/royalliang1995/Azure-Project.git</link>
	<width>32</width>
	<height>32</height>
</image> 
	<item>
		<title>The Start-Up Ultimate Guide to Make Your WordPress Journal.</title>
		<link>http://github.com/royalliang1995/Azure-Project.git/index.php/2020/08/28/the-start-up-ultimate-guide-to-make-your-wordpress-journal-4/</link>
					<comments>http://github.com/royalliang1995/Azure-Project.git/index.php/2020/08/28/the-start-up-ultimate-guide-to-make-your-wordpress-journal-4/#comments</comments>
		
		<dc:creator><![CDATA[admin]]></dc:creator>
		<pubDate>Fri, 28 Aug 2020 05:57:57 +0000</pubDate>
				<category><![CDATA[Blog]]></category>
		<category><![CDATA[WordPress]]></category>
		<category><![CDATA[Creative]]></category>
		<category><![CDATA[Illustration]]></category>
		<guid isPermaLink="false">http://avo.smartinnovates.com/?p=199</guid>

					<description><![CDATA[Council are celebrating the incredible achievement of the Companies and Stakeholders. Due to BIM’s fast invasion in all over the world specially in the North America Region, we are one of the top 10 nominated Consultants for Council Architectural/Design Practice of the Year Award. Model Council are celebrating the incredible achievement of these Companies and Stakeholders. achievement of these Companies &#8230;]]></description>
										<content:encoded><![CDATA[		<div data-elementor-type="wp-post" data-elementor-id="199" class="elementor elementor-199">
									<section class="elementor-section elementor-top-section elementor-element elementor-element-09c1525 elementor-section-boxed elementor-section-height-default elementor-section-height-default" data-id="09c1525" data-element_type="section">
						<div class="elementor-container elementor-column-gap-default">
					<div class="elementor-column elementor-col-100 elementor-top-column elementor-element elementor-element-39b818b" data-id="39b818b" data-element_type="column">
			<div class="elementor-widget-wrap elementor-element-populated">
								<section class="elementor-section elementor-inner-section elementor-element elementor-element-2038b02 elementor-section-boxed elementor-section-height-default elementor-section-height-default" data-id="2038b02" data-element_type="section">
						<div class="elementor-container elementor-column-gap-default">
					<div class="elementor-column elementor-col-100 elementor-inner-column elementor-element elementor-element-1ba62a0" data-id="1ba62a0" data-element_type="column">
			<div class="elementor-widget-wrap elementor-element-populated">
								<div class="elementor-element elementor-element-9679955 elementor-widget elementor-widget-text-editor" data-id="9679955" data-element_type="widget" data-widget_type="text-editor.default">
				<div class="elementor-widget-container">
			<style>/*! elementor - v3.10.1 - 17-01-2023 */
.elementor-widget-text-editor.elementor-drop-cap-view-stacked .elementor-drop-cap{background-color:#818a91;color:#fff}.elementor-widget-text-editor.elementor-drop-cap-view-framed .elementor-drop-cap{color:#818a91;border:3px solid;background-color:transparent}.elementor-widget-text-editor:not(.elementor-drop-cap-view-default) .elementor-drop-cap{margin-top:8px}.elementor-widget-text-editor:not(.elementor-drop-cap-view-default) .elementor-drop-cap-letter{width:1em;height:1em}.elementor-widget-text-editor .elementor-drop-cap{float:left;text-align:center;line-height:1;font-size:50px}.elementor-widget-text-editor .elementor-drop-cap-letter{display:inline-block}</style>				<p><!-- wp:paragraph --></p>
<p><span style="float: left; margin-top: 0.25em; margin-right: .68em; text-align: center; width: 1.3336em; height: 1.3336em; line-height: 1.3336em; font-size: 1.875em; border-radius: 0; color: #ffffff; font-weight: 500; background-color: #232323;">C</span>ouncil are celebrating the incredible achievement of the Companies and Stakeholders. Due to BIM’s fast invasion in all over the world specially in the North America Region, we are one of the top 10 nominated Consultants for Council Architectural/Design Practice of the Year Award. <a href="http://avo.smartinnovates.com/">Model Council are celebrating</a> the incredible achievement of these Companies and Stakeholders. achievement of these Companies and Stakeholders. </p>
<p><!-- /wp:paragraph --></p>						</div>
				</div>
					</div>
		</div>
							</div>
		</section>
				<div class="elementor-element elementor-element-dd08b2a elementor-widget elementor-widget-heading" data-id="dd08b2a" data-element_type="widget" data-widget_type="heading.default">
				<div class="elementor-widget-container">
			<style>/*! elementor - v3.10.1 - 17-01-2023 */
.elementor-heading-title{padding:0;margin:0;line-height:1}.elementor-widget-heading .elementor-heading-title[class*=elementor-size-]>a{color:inherit;font-size:inherit;line-height:inherit}.elementor-widget-heading .elementor-heading-title.elementor-size-small{font-size:15px}.elementor-widget-heading .elementor-heading-title.elementor-size-medium{font-size:19px}.elementor-widget-heading .elementor-heading-title.elementor-size-large{font-size:29px}.elementor-widget-heading .elementor-heading-title.elementor-size-xl{font-size:39px}.elementor-widget-heading .elementor-heading-title.elementor-size-xxl{font-size:59px}</style><h3 class="elementor-heading-title elementor-size-default">The modern work trending for this market annually.</h3>		</div>
				</div>
				<section class="elementor-section elementor-inner-section elementor-element elementor-element-2ebc50c elementor-section-boxed elementor-section-height-default elementor-section-height-default" data-id="2ebc50c" data-element_type="section" data-settings="{&quot;background_background&quot;:&quot;classic&quot;}">
						<div class="elementor-container elementor-column-gap-default">
					<div class="elementor-column elementor-col-50 elementor-inner-column elementor-element elementor-element-9d0226d" data-id="9d0226d" data-element_type="column" data-settings="{&quot;background_background&quot;:&quot;classic&quot;}">
			<div class="elementor-widget-wrap elementor-element-populated">
					<div class="elementor-background-overlay"></div>
								<div class="elementor-element elementor-element-116dff4 elementor-align-center elementor-widget elementor-widget-button" data-id="116dff4" data-element_type="widget" data-widget_type="button.default">
				<div class="elementor-widget-container">
					<div class="elementor-button-wrapper">
			<a href="#0" class="elementor-button-link elementor-button elementor-size-sm" role="button">
						<span class="elementor-button-content-wrapper">
						<span class="elementor-button-text">Our Gallery</span>
		</span>
					</a>
		</div>
				</div>
				</div>
					</div>
		</div>
				<div class="elementor-column elementor-col-50 elementor-inner-column elementor-element elementor-element-208aa75" data-id="208aa75" data-element_type="column">
			<div class="elementor-widget-wrap elementor-element-populated">
								<div class="elementor-element elementor-element-e6a485a elementor-icon-list--layout-traditional elementor-list-item-link-full_width elementor-widget elementor-widget-icon-list" data-id="e6a485a" data-element_type="widget" data-widget_type="icon-list.default">
				<div class="elementor-widget-container">
			<link rel="stylesheet" href="http://github.com/royalliang1995/Azure-Project.git/wp-content/plugins/elementor/assets/css/widget-icon-list.min.css">		<ul class="elementor-icon-list-items">
							<li class="elementor-icon-list-item">
											<span class="elementor-icon-list-icon">
							<i aria-hidden="true" class="fas fa-check"></i>						</span>
										<span class="elementor-icon-list-text">Annual award for architecture work.</span>
									</li>
								<li class="elementor-icon-list-item">
											<span class="elementor-icon-list-icon">
							<i aria-hidden="true" class="fas fa-check"></i>						</span>
										<span class="elementor-icon-list-text">Professional design approved by stakeholders.</span>
									</li>
								<li class="elementor-icon-list-item">
											<span class="elementor-icon-list-icon">
							<i aria-hidden="true" class="fas fa-check"></i>						</span>
										<span class="elementor-icon-list-text">Fast software and modeling for reality interior design.</span>
									</li>
								<li class="elementor-icon-list-item">
											<span class="elementor-icon-list-icon">
							<i aria-hidden="true" class="fas fa-check"></i>						</span>
										<span class="elementor-icon-list-text">True activated software and modeling for reality engineering.</span>
									</li>
								<li class="elementor-icon-list-item">
											<span class="elementor-icon-list-icon">
							<i aria-hidden="true" class="fas fa-check"></i>						</span>
										<span class="elementor-icon-list-text">Drawing software and modeling for reality engineering.</span>
									</li>
								<li class="elementor-icon-list-item">
											<span class="elementor-icon-list-icon">
							<i aria-hidden="true" class="fas fa-check"></i>						</span>
										<span class="elementor-icon-list-text">True activated software and modeling for reality engineering.</span>
									</li>
						</ul>
				</div>
				</div>
					</div>
		</div>
							</div>
		</section>
					</div>
		</div>
							</div>
		</section>
				<section class="elementor-section elementor-top-section elementor-element elementor-element-64805fb elementor-section-boxed elementor-section-height-default elementor-section-height-default" data-id="64805fb" data-element_type="section">
						<div class="elementor-container elementor-column-gap-default">
					<div class="elementor-column elementor-col-100 elementor-top-column elementor-element elementor-element-59b2ead" data-id="59b2ead" data-element_type="column">
			<div class="elementor-widget-wrap elementor-element-populated">
								<div class="elementor-element elementor-element-30704c1 elementor-widget elementor-widget-text-editor" data-id="30704c1" data-element_type="widget" data-widget_type="text-editor.default">
				<div class="elementor-widget-container">
							<p><!-- wp:paragraph --></p>
<p>Council are celebrating the incredible achievement of the Companies and Stakeholders. Due to BIM’s fast invasion in all over the world specially in the North America Region, we are one of the top 10 nominated Consultants for Council Architectural/Design Practice of the Year Award. <a href="http://avo.smartinnovates.com/">Model Council are celebrating</a> the incredible achievement of these Companies and Stakeholders. Due to fast invasion in the North America Region, we are one of the top 10 nominated Consultants for Council design, modeling, development of Architectural/Engineering services to gain the reserved, updated, concrete and professional to target the top Practice of the Year Award.</p>
<p><!-- /wp:paragraph --></p>
<p><!-- wp:heading {"level":3} --><!-- /wp:heading --></p>
<p><!-- wp:quote --></p>
<blockquote class="wp-block-quote">
<p><strong>The Council are celebrating the incredible achievement of the Companies </strong>and Stakeholders. Due to BIM’s fast invasion in the North America Region, we are proudly with our professional and innovative teams one of the top 10 nominated Consultants for Council Architectural/Design services to gain the reserved Practice of the Year Award on top of MEED organization.</p>
</blockquote>
<p><!-- /wp:quote --></p>
<p><!-- wp:paragraph {"className":"pt-20"} --></p>
<p class="pt-20">Council are celebrating the incredible achievement of the Companies and Stakeholders. Due to BIM’s fast invasion in the North America Region, we are one of the top 10 nominated Consultants for Council Architectural/Design Practice of the Year Award. Council are celebrating the incredible achievement of the Companies and Stakeholders. Due to BIM’s fast invasion in the North America Region, we are one of the top 10 nominated Consultants for Council Architectural/Design Practice of the Year Award and providing the team creativity innovation management.</p>
<p><!-- /wp:paragraph --></p>
<p><!-- wp:media-text {"align":"full","mediaId":1069,"mediaType":"image","isStackedOnMobile":true} --></p>
<div class="wp-block-media-text alignfull is-stacked-on-mobile">
<figure class="wp-block-media-text__media"><img class="alignnone wp-image-197" src="http://avo.smartinnovates.com/landing/wp-content/uploads/sites/5/2020/08/3-2-300x199.jpg" alt="" width="177" height="118" /></figure>
<div class="wp-block-media-text__content">
<p><!-- wp:list {"className":"pt-10 pb-10"} --></p>
<ul class="pt-10 pb-10">
<li>The annual awarded prize for best interior furniture design of creative texture and architecture point if view.</li>
<li>Council are celebrating the incredible achievement of the Companies and Stakeholders.</li>
<li>Due to BIM’s fast invasion in the North America Region, we are one of the top 10 nominated.</li>
<li>Consultants for Council Architectural/Design Practice of the Year Award.</li>
</ul>
<p><!-- /wp:list --></p>
</div>
</div>
<p><!-- /wp:media-text --></p>
<p><!-- wp:separator --></p>
<p><!-- /wp:separator --></p>
<p><!-- wp:paragraph --></p>
<p>Council are celebrating the incredible achievement of the Companies and Stakeholders. Due to BIM’s fast invasion in the North America Region, we are one of the top 10 nominated Consultants for Council Architectural/Design Practice of the Year Award. Council are celebrating the incredible achievement of the Companies and Stakeholders. Due to BIM’s fast invasion in the North America Region, we are one of the top 10 nominated Consultants for Council Architectural/Design Practice of the Year Award.</p>
<p><!-- /wp:paragraph --></p>						</div>
				</div>
					</div>
		</div>
							</div>
		</section>
							</div>
		]]></content:encoded>
					
					<wfw:commentRss>http://github.com/royalliang1995/Azure-Project.git/index.php/2020/08/28/the-start-up-ultimate-guide-to-make-your-wordpress-journal-4/feed/</wfw:commentRss>
			<slash:comments>1</slash:comments>
		
		
			</item>
		<item>
		<title>Five Steps For Ultimate Guide to Make Your WordPress Better</title>
		<link>http://github.com/royalliang1995/Azure-Project.git/index.php/2020/08/28/five-steps-for-ultimate-guide-to-make-your-wordpress-better/</link>
					<comments>http://github.com/royalliang1995/Azure-Project.git/index.php/2020/08/28/five-steps-for-ultimate-guide-to-make-your-wordpress-better/#comments</comments>
		
		<dc:creator><![CDATA[admin]]></dc:creator>
		<pubDate>Fri, 28 Aug 2020 05:55:05 +0000</pubDate>
				<category><![CDATA[Blog]]></category>
		<category><![CDATA[Creative]]></category>
		<category><![CDATA[WordPress]]></category>
		<guid isPermaLink="false">http://avo.smartinnovates.com/?p=190</guid>

					<description><![CDATA[Council are celebrating the incredible achievement of the Companies and Stakeholders. Due to BIM’s fast invasion in all over the world specially in the North America Region, we are one of the top 10 nominated Consultants for Council Architectural/Design Practice of the Year Award. Model Council are celebrating the incredible achievement of these Companies and Stakeholders. achievement of these Companies &#8230;]]></description>
										<content:encoded><![CDATA[		<div data-elementor-type="wp-post" data-elementor-id="512" class="elementor elementor-512">
									<section class="elementor-section elementor-top-section elementor-element elementor-element-223647e6 elementor-section-boxed elementor-section-height-default elementor-section-height-default" data-id="223647e6" data-element_type="section">
						<div class="elementor-container elementor-column-gap-default">
					<div class="elementor-column elementor-col-100 elementor-top-column elementor-element elementor-element-6a5357a1" data-id="6a5357a1" data-element_type="column">
			<div class="elementor-widget-wrap elementor-element-populated">
								<section class="elementor-section elementor-inner-section elementor-element elementor-element-7331812e elementor-section-boxed elementor-section-height-default elementor-section-height-default" data-id="7331812e" data-element_type="section">
						<div class="elementor-container elementor-column-gap-default">
					<div class="elementor-column elementor-col-100 elementor-inner-column elementor-element elementor-element-4b76ac62" data-id="4b76ac62" data-element_type="column">
			<div class="elementor-widget-wrap elementor-element-populated">
								<div class="elementor-element elementor-element-41974619 elementor-widget elementor-widget-text-editor" data-id="41974619" data-element_type="widget" data-widget_type="text-editor.default">
				<div class="elementor-widget-container">
							<p><!-- wp:paragraph --></p>
<p><span style="float: left; margin-top: 0.25em; margin-right: .68em; text-align: center; width: 1.3336em; height: 1.3336em; line-height: 1.3336em; font-size: 1.875em; border-radius: 0; color: #ffffff; font-weight: 500; background-color: #232323;">C</span>ouncil are celebrating the incredible achievement of the Companies and Stakeholders. Due to BIM’s fast invasion in all over the world specially in the North America Region, we are one of the top 10 nominated Consultants for Council Architectural/Design Practice of the Year Award. <a href="http://innovationplans.com/themes/bim/wp/">Model Council are celebrating</a> the incredible achievement of these Companies and Stakeholders. achievement of these Companies and Stakeholders. </p>
<p><!-- /wp:paragraph --></p>						</div>
				</div>
					</div>
		</div>
							</div>
		</section>
				<div class="elementor-element elementor-element-3a645ef4 elementor-widget elementor-widget-heading" data-id="3a645ef4" data-element_type="widget" data-widget_type="heading.default">
				<div class="elementor-widget-container">
			<h3 class="elementor-heading-title elementor-size-default">The modern work trending for this market annually.</h3>		</div>
				</div>
				<section class="elementor-section elementor-inner-section elementor-element elementor-element-55ededa6 elementor-section-boxed elementor-section-height-default elementor-section-height-default" data-id="55ededa6" data-element_type="section" data-settings="{&quot;background_background&quot;:&quot;classic&quot;}">
						<div class="elementor-container elementor-column-gap-default">
					<div class="elementor-column elementor-col-50 elementor-inner-column elementor-element elementor-element-5017c6ae" data-id="5017c6ae" data-element_type="column" data-settings="{&quot;background_background&quot;:&quot;classic&quot;}">
			<div class="elementor-widget-wrap elementor-element-populated">
					<div class="elementor-background-overlay"></div>
								<div class="elementor-element elementor-element-b4eefea elementor-align-center elementor-widget elementor-widget-button" data-id="b4eefea" data-element_type="widget" data-widget_type="button.default">
				<div class="elementor-widget-container">
					<div class="elementor-button-wrapper">
			<a href="#0" class="elementor-button-link elementor-button elementor-size-sm" role="button">
						<span class="elementor-button-content-wrapper">
						<span class="elementor-button-text">Our Gallery</span>
		</span>
					</a>
		</div>
				</div>
				</div>
					</div>
		</div>
				<div class="elementor-column elementor-col-50 elementor-inner-column elementor-element elementor-element-3c11e6dc" data-id="3c11e6dc" data-element_type="column">
			<div class="elementor-widget-wrap elementor-element-populated">
								<div class="elementor-element elementor-element-29db3c08 elementor-icon-list--layout-traditional elementor-list-item-link-full_width elementor-widget elementor-widget-icon-list" data-id="29db3c08" data-element_type="widget" data-widget_type="icon-list.default">
				<div class="elementor-widget-container">
					<ul class="elementor-icon-list-items">
							<li class="elementor-icon-list-item">
											<span class="elementor-icon-list-icon">
							<i aria-hidden="true" class="fas fa-check"></i>						</span>
										<span class="elementor-icon-list-text">Annual award for architecture work.</span>
									</li>
								<li class="elementor-icon-list-item">
											<span class="elementor-icon-list-icon">
							<i aria-hidden="true" class="fas fa-check"></i>						</span>
										<span class="elementor-icon-list-text">Professional design approved by stakeholders.</span>
									</li>
								<li class="elementor-icon-list-item">
											<span class="elementor-icon-list-icon">
							<i aria-hidden="true" class="fas fa-check"></i>						</span>
										<span class="elementor-icon-list-text">Fast software and modeling for reality interior design.</span>
									</li>
								<li class="elementor-icon-list-item">
											<span class="elementor-icon-list-icon">
							<i aria-hidden="true" class="fas fa-check"></i>						</span>
										<span class="elementor-icon-list-text">True activated software and modeling for reality engineering.</span>
									</li>
								<li class="elementor-icon-list-item">
											<span class="elementor-icon-list-icon">
							<i aria-hidden="true" class="fas fa-check"></i>						</span>
										<span class="elementor-icon-list-text">Drawing software and modeling for reality engineering.</span>
									</li>
								<li class="elementor-icon-list-item">
											<span class="elementor-icon-list-icon">
							<i aria-hidden="true" class="fas fa-check"></i>						</span>
										<span class="elementor-icon-list-text">True activated software and modeling for reality engineering.</span>
									</li>
						</ul>
				</div>
				</div>
					</div>
		</div>
							</div>
		</section>
					</div>
		</div>
							</div>
		</section>
				<section class="elementor-section elementor-top-section elementor-element elementor-element-4cb0e8 elementor-section-boxed elementor-section-height-default elementor-section-height-default" data-id="4cb0e8" data-element_type="section">
						<div class="elementor-container elementor-column-gap-default">
					<div class="elementor-column elementor-col-100 elementor-top-column elementor-element elementor-element-7632caae" data-id="7632caae" data-element_type="column">
			<div class="elementor-widget-wrap elementor-element-populated">
								<div class="elementor-element elementor-element-7af80e61 elementor-widget elementor-widget-text-editor" data-id="7af80e61" data-element_type="widget" data-widget_type="text-editor.default">
				<div class="elementor-widget-container">
							<p><!-- wp:paragraph --></p>
<p>Council are celebrating the incredible achievement of the Companies and Stakeholders. Due to BIM’s fast invasion in all over the world specially in the North America Region, we are one of the top 10 nominated Consultants for Council Architectural/Design Practice of the Year Award. <a href="http://innovationplans.com/themes/bim/wp/">Model Council are celebrating</a> the incredible achievement of these Companies and Stakeholders. Due to fast invasion in the North America Region, we are one of the top 10 nominated Consultants for Council design, modeling, development of Architectural/Engineering services to gain the reserved, updated, concrete and professional to target the top Practice of the Year Award.</p>
<p><!-- /wp:paragraph --><!-- wp:heading {"level":3} --><!-- /wp:heading --><!-- wp:quote --></p>
<blockquote class="wp-block-quote">
<p><strong>The Council are celebrating the incredible achievement of the Companies </strong>and Stakeholders. Due to BIM’s fast invasion in the North America Region, we are proudly with our professional and innovative teams one of the top 10 nominated Consultants for Council Architectural/Design services to gain the reserved Practice of the Year Award on top of MEED organization.</p>
</blockquote>
<p><!-- /wp:quote --><!-- wp:paragraph {"className":"pt-20"} --></p>
<p class="pt-20">Council are celebrating the incredible achievement of the Companies and Stakeholders. Due to BIM’s fast invasion in the North America Region, we are one of the top 10 nominated Consultants for Council Architectural/Design Practice of the Year Award. Council are celebrating the incredible achievement of the Companies and Stakeholders. Due to BIM’s fast invasion in the North America Region, we are one of the top 10 nominated Consultants for Council Architectural/Design Practice of the Year Award and providing the team creativity innovation management.</p>
<p><!-- /wp:paragraph --><!-- wp:media-text {"align":"full","mediaId":1069,"mediaType":"image","isStackedOnMobile":true} --></p>
<div class="wp-block-media-text alignfull is-stacked-on-mobile">
<figure class="wp-block-media-text__media"><img class="alignnone  wp-image-197" src="http://avo.smartinnovates.com/landing/wp-content/uploads/sites/5/2020/08/3-2-300x199.jpg" alt="" width="177" height="118" /></figure>
<div class="wp-block-media-text__content">
<p><!-- wp:list {"className":"pt-10 pb-10"} --></p>
<ul class="pt-10 pb-10">
<li>The annual awarded prize for best interior furniture design of creative texture and architecture point if view.</li>
<li>Council are celebrating the incredible achievement of the Companies and Stakeholders.</li>
<li>Due to BIM’s fast invasion in the North America Region, we are one of the top 10 nominated.</li>
<li>Consultants for Council Architectural/Design Practice of the Year Award.</li>
</ul>
<p><!-- /wp:list --></p>
</div>
</div>
<p><!-- /wp:media-text --><!-- wp:separator --></p>
<p><!-- /wp:separator --><!-- wp:paragraph --></p>
<p>Council are celebrating the incredible achievement of the Companies and Stakeholders. Due to BIM’s fast invasion in the North America Region, we are one of the top 10 nominated Consultants for Council Architectural/Design Practice of the Year Award. Council are celebrating the incredible achievement of the Companies and Stakeholders. Due to BIM’s fast invasion in the North America Region, we are one of the top 10 nominated Consultants for Council Architectural/Design Practice of the Year Award.</p>
<p><!-- /wp:paragraph --></p>						</div>
				</div>
					</div>
		</div>
							</div>
		</section>
							</div>
		]]></content:encoded>
					
					<wfw:commentRss>http://github.com/royalliang1995/Azure-Project.git/index.php/2020/08/28/five-steps-for-ultimate-guide-to-make-your-wordpress-better/feed/</wfw:commentRss>
			<slash:comments>1</slash:comments>
		
		
			</item>
	</channel>
</rss>
