<?xml version="1.0" encoding="UTF-8"?><rss version="2.0"
	xmlns:content="http://purl.org/rss/1.0/modules/content/"
	xmlns:dc="http://purl.org/dc/elements/1.1/"
	xmlns:atom="http://www.w3.org/2005/Atom"
	xmlns:sy="http://purl.org/rss/1.0/modules/syndication/"
	
	>
<channel>
	<title>
	Comments for Install WP	</title>
	<atom:link href="http://github.com/royalliang1995/Azure-Project.git/index.php/comments/feed/" rel="self" type="application/rss+xml" />
	<link>http://github.com/royalliang1995/Azure-Project.git</link>
	<description>Just another WordPress site</description>
	<lastBuildDate>Fri, 27 Jan 2023 06:13:15 +0000</lastBuildDate>
	<sy:updatePeriod>
	hourly	</sy:updatePeriod>
	<sy:updateFrequency>
	1	</sy:updateFrequency>
	<generator>https://wordpress.org/?v=6.0.3</generator>
	<item>
		<title>
		Comment on Hello world! by A WordPress Commenter		</title>
		<link>http://github.com/royalliang1995/Azure-Project.git/index.php/2023/01/27/hello-world/#comment-1</link>

		<dc:creator><![CDATA[A WordPress Commenter]]></dc:creator>
		<pubDate>Fri, 27 Jan 2023 06:13:15 +0000</pubDate>
		<guid isPermaLink="false">http://github.com/royalliang1995/Azure-Project.git/?p=1#comment-1</guid>

					<description><![CDATA[Hi, this is a comment.
To get started with moderating, editing, and deleting comments, please visit the Comments screen in the dashboard.
Commenter avatars come from &lt;a href=&quot;https://en.gravatar.com/&quot;&gt;Gravatar&lt;/a&gt;.]]></description>
			<content:encoded><![CDATA[<p>Hi, this is a comment.<br />
To get started with moderating, editing, and deleting comments, please visit the Comments screen in the dashboard.<br />
Commenter avatars come from <a href="https://en.gravatar.com/">Gravatar</a>.</p>
]]></content:encoded>
		
			</item>
		<item>
		<title>
		Comment on The Start-Up Ultimate Guide to Make Your WordPress Journal. by Andres Alfaro		</title>
		<link>http://github.com/royalliang1995/Azure-Project.git/index.php/2020/08/28/the-start-up-ultimate-guide-to-make-your-wordpress-journal-4/#comment-2</link>

		<dc:creator><![CDATA[Andres Alfaro]]></dc:creator>
		<pubDate>Wed, 07 Oct 2020 22:45:59 +0000</pubDate>
		<guid isPermaLink="false">http://avo.smartinnovates.com/?p=199#comment-2</guid>

					<description><![CDATA[The details about the project and the challenge during the design stage prior construction phase will be shared for knowing more innovation work and concept of the starting for the planning to be awarded by this excellent prize and to thank you]]></description>
			<content:encoded><![CDATA[<p>The details about the project and the challenge during the design stage prior construction phase will be shared for knowing more innovation work and concept of the starting for the planning to be awarded by this excellent prize and to thank you</p>
]]></content:encoded>
		
			</item>
		<item>
		<title>
		Comment on Creative Design Work  to Make Your WordPress Theme Innovative by Andres Alfaro		</title>
		<link>http://github.com/royalliang1995/Azure-Project.git/index.php/2020/08/28/creative-design-work-to-make-your-wordpress-theme-innovative/#comment-5</link>

		<dc:creator><![CDATA[Andres Alfaro]]></dc:creator>
		<pubDate>Thu, 17 Sep 2020 22:19:09 +0000</pubDate>
		<guid isPermaLink="false">http://avo.smartinnovates.com/?p=196#comment-5</guid>

					<description><![CDATA[Creative portfolio more details about the project and the challenge during the design stage prior construction phase for knowing more innovation work and concept of the starting for the planning to be awarded by this excellent prize]]></description>
			<content:encoded><![CDATA[<p>Creative portfolio more details about the project and the challenge during the design stage prior construction phase for knowing more innovation work and concept of the starting for the planning to be awarded by this excellent prize</p>
]]></content:encoded>
		
			</item>
		<item>
		<title>
		Comment on Ultimate New Guide to Make Your Portfolio an Awesome Work by Andres Alfaro		</title>
		<link>http://github.com/royalliang1995/Azure-Project.git/index.php/2020/08/28/ultimate-new-guide-to-make-your-portfolio-an-awesome-work/#comment-4</link>

		<dc:creator><![CDATA[Andres Alfaro]]></dc:creator>
		<pubDate>Thu, 17 Sep 2020 21:12:43 +0000</pubDate>
		<guid isPermaLink="false">http://avo.smartinnovates.com/?p=193#comment-4</guid>

					<description><![CDATA[Please share more details about the project and the challenge during the design stage prior construction phase for knowing more innovation work and concept of the starting for the planning to be awarded by this excellent prize.]]></description>
			<content:encoded><![CDATA[<p>Please share more details about the project and the challenge during the design stage prior construction phase for knowing more innovation work and concept of the starting for the planning to be awarded by this excellent prize.</p>
]]></content:encoded>
		
			</item>
		<item>
		<title>
		Comment on Five Steps For Ultimate Guide to Make Your WordPress Better by Andres Alfaro		</title>
		<link>http://github.com/royalliang1995/Azure-Project.git/index.php/2020/08/28/five-steps-for-ultimate-guide-to-make-your-wordpress-better/#comment-3</link>

		<dc:creator><![CDATA[Andres Alfaro]]></dc:creator>
		<pubDate>Thu, 17 Sep 2020 20:53:29 +0000</pubDate>
		<guid isPermaLink="false">http://avo.smartinnovates.com/?p=190#comment-3</guid>

					<description><![CDATA[The details about the project and the challenge during the design stage prior construction phase will be shared for knowing more innovation work and concept of the starting for the planning to be awarded by this excellent prize and to thank you.]]></description>
			<content:encoded><![CDATA[<p>The details about the project and the challenge during the design stage prior construction phase will be shared for knowing more innovation work and concept of the starting for the planning to be awarded by this excellent prize and to thank you.</p>
]]></content:encoded>
		
			</item>
	</channel>
</rss>
