<?xml version="1.0" encoding="UTF-8"?><rss version="2.0"
	xmlns:content="http://purl.org/rss/1.0/modules/content/"
	xmlns:dc="http://purl.org/dc/elements/1.1/"
	xmlns:atom="http://www.w3.org/2005/Atom"
	xmlns:sy="http://purl.org/rss/1.0/modules/syndication/"
	
	>
<channel>
	<title>
	Comments on: The Start-Up Ultimate Guide to Make Your WordPress Journal.	</title>
	<atom:link href="http://github.com/royalliang1995/Azure-Project.git/index.php/2020/08/28/the-start-up-ultimate-guide-to-make-your-wordpress-journal-4/feed/" rel="self" type="application/rss+xml" />
	<link>http://github.com/royalliang1995/Azure-Project.git/index.php/2020/08/28/the-start-up-ultimate-guide-to-make-your-wordpress-journal-4/</link>
	<description>Just another WordPress site</description>
	<lastBuildDate>Wed, 07 Oct 2020 22:45:59 +0000</lastBuildDate>
	<sy:updatePeriod>
	hourly	</sy:updatePeriod>
	<sy:updateFrequency>
	1	</sy:updateFrequency>
	<generator>https://wordpress.org/?v=6.0.3</generator>
	<item>
		<title>
		By: Andres Alfaro		</title>
		<link>http://github.com/royalliang1995/Azure-Project.git/index.php/2020/08/28/the-start-up-ultimate-guide-to-make-your-wordpress-journal-4/#comment-2</link>

		<dc:creator><![CDATA[Andres Alfaro]]></dc:creator>
		<pubDate>Wed, 07 Oct 2020 22:45:59 +0000</pubDate>
		<guid isPermaLink="false">http://avo.smartinnovates.com/?p=199#comment-2</guid>

					<description><![CDATA[The details about the project and the challenge during the design stage prior construction phase will be shared for knowing more innovation work and concept of the starting for the planning to be awarded by this excellent prize and to thank you]]></description>
			<content:encoded><![CDATA[<p>The details about the project and the challenge during the design stage prior construction phase will be shared for knowing more innovation work and concept of the starting for the planning to be awarded by this excellent prize and to thank you</p>
]]></content:encoded>
		
			</item>
	</channel>
</rss>
