<?xml version="1.0" encoding="UTF-8"?><rss version="2.0"
	xmlns:content="http://purl.org/rss/1.0/modules/content/"
	xmlns:wfw="http://wellformedweb.org/CommentAPI/"
	xmlns:dc="http://purl.org/dc/elements/1.1/"
	xmlns:atom="http://www.w3.org/2005/Atom"
	xmlns:sy="http://purl.org/rss/1.0/modules/syndication/"
	xmlns:slash="http://purl.org/rss/1.0/modules/slash/"
	>

<channel>
	<title>Uncategorized &#8211; Install WP</title>
	<atom:link href="http://github.com/royalliang1995/Azure-Project.git/index.php/category/uncategorized/feed/" rel="self" type="application/rss+xml" />
	<link>http://github.com/royalliang1995/Azure-Project.git</link>
	<description>Just another WordPress site</description>
	<lastBuildDate>Fri, 27 Jan 2023 06:13:15 +0000</lastBuildDate>
	<language>en-US</language>
	<sy:updatePeriod>
	hourly	</sy:updatePeriod>
	<sy:updateFrequency>
	1	</sy:updateFrequency>
	<generator>https://wordpress.org/?v=6.0.3</generator>

<image>
	<url>http://github.com/royalliang1995/Azure-Project.git/wp-content/uploads/2020/10/cropped-Favicon-63x63.png</url>
	<title>Uncategorized &#8211; Install WP</title>
	<link>http://github.com/royalliang1995/Azure-Project.git</link>
	<width>32</width>
	<height>32</height>
</image> 
	<item>
		<title>Hello world!</title>
		<link>http://github.com/royalliang1995/Azure-Project.git/index.php/2023/01/27/hello-world/</link>
					<comments>http://github.com/royalliang1995/Azure-Project.git/index.php/2023/01/27/hello-world/#comments</comments>
		
		<dc:creator><![CDATA[admin]]></dc:creator>
		<pubDate>Fri, 27 Jan 2023 06:13:15 +0000</pubDate>
				<category><![CDATA[Uncategorized]]></category>
		<guid isPermaLink="false">http://github.com/royalliang1995/Azure-Project.git/?p=1</guid>

					<description><![CDATA[Welcome to WordPress. This is your first post. Edit or delete it, then start writing!]]></description>
										<content:encoded><![CDATA[
<p>Welcome to WordPress. This is your first post. Edit or delete it, then start writing!</p>
]]></content:encoded>
					
					<wfw:commentRss>http://github.com/royalliang1995/Azure-Project.git/index.php/2023/01/27/hello-world/feed/</wfw:commentRss>
			<slash:comments>1</slash:comments>
		
		
			</item>
	</channel>
</rss>
